id,answer
0,neutral
1,positivo
2,neutral
3,neutral
4,neutral
5,positivo
6,negativo
7,positivo
8,neutral
9,positivo
10,negativo
11,neutral
12,negativo
13,negativo
14,positivo
15,negativo
16,negativo
17,negativo
18,neutral
19,negativo
20,negativo
21,neutral
22,neutral
23,negativo
24,negativo
25,neutral
26,positivo
27,negativo
28,neutral
29,neutral
30,neutral
31,negativo
32,negativo
33,neutral
34,neutral
35,neutral
36,positivo
37,negativo
38,positivo
39,neutral
40,positivo
41,positivo
42,neutral
43,negativo
44,negativo
45,positivo
46,neutral
47,positivo
48,negativo
49,neutral
50,neutral
51,neutral
52,positivo
53,negativo
54,positivo
55,neutral
56,negativo
57,neutral
58,positivo
59,positivo
60,neutral
61,negativo
62,negativo
63,negativo
64,neutral
65,negativo
66,negativo
67,negativo
68,neutral
69,positivo
70,neutral
71,neutral
72,positivo
73,negativo
74,neutral
75,neutral
76,positivo
77,neutral
78,positivo
79,negativo
80,negativo
81,positivo
82,negativo
83,positivo
84,negativo
85,neutral
86,positivo
87,neutral
88,negativo
89,negativo
90,negativo
91,neutral
92,neutral
93,positivo
94,negativo
95,positivo
96,neutral
97,positivo
98,positivo
99,positivo
100,positivo
101,neutral
102,negativo
103,positivo
104,neutral
105,positivo
106,neutral
107,neutral
108,neutral
109,positivo
110,neutral
111,positivo
112,positivo
113,positivo
114,negativo
115,negativo
116,negativo
117,negativo
118,negativo
119,positivo
120,neutral
121,positivo
122,positivo
123,negativo
124,negativo
125,neutral
126,positivo
127,positivo
128,negativo
129,negativo
130,negativo
131,positivo
132,neutral
133,positivo
134,positivo
135,neutral
136,negativo
137,positivo
138,negativo
139,neutral
140,negativo
141,neutral
142,neutral
143,neutral
144,neutral
145,positivo
146,negativo
147,neutral
148,positivo
149,negativo
150,negativo
151,neutral
152,neutral
153,neutral
154,positivo
155,positivo
156,negativo
157,neutral
158,positivo
159,positivo
160,positivo
161,positivo
162,negativo
163,negativo
164,negativo
165,positivo
166,positivo
167,positivo
168,positivo
169,neutral
170,negativo
171,positivo
172,negativo
173,neutral
174,positivo
175,negativo
176,neutral
177,negativo
178,positivo
179,negativo
180,positivo
181,negativo
182,positivo
183,neutral
184,negativo
185,negativo
186,neutral
187,positivo
188,negativo
189,negativo
190,negativo
191,positivo
192,negativo
193,neutral
194,positivo
195,positivo
196,negativo
197,neutral
198,positivo
199,neutral
200,neutral
201,positivo
202,neutral
203,neutral
204,positivo
205,negativo
206,negativo
207,negativo
208,negativo
209,negativo
210,negativo
211,negativo
212,positivo
213,negativo
214,positivo
215,negativo
216,positivo
217,neutral
218,negativo
219,neutral
220,negativo
221,negativo
222,positivo
223,positivo
224,neutral
225,positivo
226,negativo
227,neutral
228,negativo
229,negativo
230,negativo
231,negativo
232,positivo
233,neutral
234,neutral
235,positivo
236,negativo
237,neutral
238,positivo
239,neutral
240,positivo
241,negativo
242,neutral
243,negativo
244,neutral
245,positivo
246,positivo
247,positivo
248,positivo
249,negativo
250,positivo
251,neutral
252,positivo
253,negativo
254,neutral
255,positivo
256,neutral
257,positivo
258,positivo
259,positivo
260,neutral
261,neutral
262,negativo
263,neutral
264,neutral
265,positivo
266,negativo
267,negativo
268,positivo
269,positivo
270,neutral
271,neutral
272,positivo
273,positivo
274,neutral
275,positivo
276,neutral
277,negativo
278,positivo
279,positivo
280,neutral
281,positivo
282,negativo
283,positivo
284,negativo
285,negativo
286,negativo
287,positivo
288,negativo
289,negativo
290,positivo
291,neutral
292,positivo
293,neutral
294,negativo
295,negativo
296,positivo
297,positivo
298,positivo
299,negativo
300,neutral
301,positivo
302,neutral
303,positivo
304,negativo
305,positivo
306,neutral
307,negativo
308,neutral
309,positivo
310,positivo
311,negativo
312,positivo
313,negativo
314,neutral
315,negativo
316,neutral
317,negativo
318,negativo
319,positivo
320,negativo
321,neutral
322,positivo
323,neutral
324,neutral
325,positivo
326,positivo
327,negativo
328,positivo
329,positivo
330,positivo
331,neutral
332,neutral
333,negativo
334,positivo
335,positivo
336,negativo
337,neutral
338,neutral
339,positivo
340,neutral
341,negativo
342,positivo
343,neutral
344,negativo
345,neutral
346,negativo
347,neutral
348,positivo
349,negativo
350,negativo
351,positivo
352,neutral
353,negativo
354,positivo
355,negativo
356,negativo
357,neutral
358,positivo
359,negativo
360,negativo
361,negativo
362,negativo
363,negativo
364,negativo
365,positivo
366,positivo
367,negativo
368,neutral
369,negativo
370,neutral
371,neutral
372,positivo
373,neutral
374,positivo
375,positivo
376,neutral
377,negativo
378,negativo
379,positivo
380,negativo
381,neutral
382,positivo
383,positivo
384,neutral
385,positivo
386,neutral
387,neutral
388,negativo
389,negativo
390,neutral
391,positivo
392,neutral
393,neutral
394,positivo
395,negativo
396,positivo
397,neutral
398,positivo
399,negativo
400,negativo
401,neutral
402,negativo
403,neutral
404,neutral
405,neutral
406,negativo
407,positivo
408,neutral
409,negativo
410,positivo
411,neutral
412,positivo
413,negativo
414,neutral
415,neutral
416,positivo
417,neutral
418,negativo
419,negativo
420,negativo
421,neutral
422,positivo
423,neutral
424,positivo
425,neutral
426,neutral
427,negativo
428,negativo
429,negativo
430,neutral
431,negativo
432,positivo
433,positivo
434,positivo
435,positivo
436,negativo
437,neutral
438,neutral
439,negativo
440,negativo
441,positivo
442,neutral
443,negativo
444,negativo
445,neutral
446,negativo
447,positivo
448,positivo
449,neutral
450,negativo
451,negativo
452,positivo
453,negativo
454,negativo
455,positivo
456,positivo
457,negativo
458,negativo
459,neutral
460,neutral
461,negativo
462,positivo
463,neutral
464,positivo
465,negativo
466,positivo
467,neutral
468,negativo
469,neutral
470,negativo
471,positivo
472,neutral
473,positivo
474,positivo
475,negativo
476,negativo
477,negativo
478,positivo
479,positivo
480,negativo
481,neutral
482,negativo
483,neutral
484,positivo
485,negativo
486,positivo
487,neutral
488,negativo
489,neutral
490,neutral
491,negativo
492,negativo
493,negativo
494,positivo
495,positivo
496,negativo
497,positivo
498,positivo
499,neutral
500,negativo
501,neutral
502,negativo
503,positivo
504,neutral
505,negativo
506,negativo
507,neutral
508,neutral
509,negativo
510,negativo
511,neutral
512,negativo
513,positivo
514,neutral
515,positivo
516,positivo
517,negativo
518,positivo
519,neutral
520,positivo
521,positivo
522,negativo
523,positivo
524,positivo
525,positivo
526,neutral
527,positivo
528,neutral
529,neutral
530,positivo
531,negativo
532,negativo
533,negativo
534,positivo
535,negativo
536,positivo
537,negativo
538,neutral
539,positivo
540,neutral
541,negativo
542,negativo
543,positivo
544,negativo
545,positivo
546,negativo
547,positivo
548,negativo
549,neutral
550,neutral
551,neutral
552,neutral
553,neutral
554,positivo
555,negativo
556,neutral
557,negativo
558,negativo
559,neutral
560,positivo
561,positivo
562,neutral
563,neutral
564,negativo
565,positivo
566,positivo
567,negativo
568,negativo
569,negativo
570,negativo
571,positivo
572,neutral
573,positivo
574,positivo
575,neutral
576,positivo
577,neutral
578,positivo
579,neutral
580,neutral
581,neutral
582,positivo
583,positivo
584,positivo
585,negativo
586,positivo
587,neutral
588,negativo
589,positivo
590,negativo
591,positivo
592,positivo
593,negativo
594,positivo
595,neutral
596,neutral
597,negativo
598,negativo
599,positivo
600,neutral
601,negativo
602,negativo
603,positivo
604,neutral
605,negativo
606,positivo
607,neutral
608,neutral
609,neutral
610,positivo
611,positivo
612,neutral
613,positivo
614,positivo
615,negativo
616,positivo
617,neutral
618,positivo
619,positivo
620,positivo
621,neutral
622,positivo
623,positivo
624,negativo
625,neutral
626,positivo
627,negativo
628,negativo
629,positivo
630,neutral
631,neutral
632,positivo
633,neutral
634,positivo
635,neutral
636,positivo
637,positivo
638,neutral
639,neutral
640,positivo
641,neutral
642,neutral
643,positivo
644,negativo
645,negativo
646,neutral
647,negativo
648,neutral
649,positivo
650,positivo
651,neutral
652,neutral
653,negativo
654,negativo
655,neutral
656,neutral
657,neutral
658,neutral
659,negativo
660,neutral
661,negativo
662,positivo
663,neutral
664,neutral
665,neutral
666,positivo
667,negativo
668,neutral
669,neutral
670,positivo
671,neutral
672,negativo
673,positivo
674,positivo
675,neutral
676,positivo
677,negativo
678,neutral
679,neutral
680,positivo
681,neutral
682,negativo
683,negativo
684,positivo
685,positivo
686,positivo
687,neutral
688,neutral
689,negativo
690,neutral
691,positivo
692,positivo
693,neutral
694,positivo
695,positivo
696,positivo
697,positivo
698,negativo
699,neutral
700,negativo
701,positivo
702,negativo
703,negativo
704,neutral
705,positivo
706,positivo
707,neutral
708,negativo
709,negativo
710,negativo
711,neutral
712,negativo
713,positivo
714,negativo
715,positivo
716,neutral
717,positivo
718,positivo
719,positivo
720,negativo
721,negativo
722,negativo
723,negativo
724,positivo
725,negativo
726,neutral
727,negativo
728,positivo
729,negativo
730,positivo
731,negativo
732,neutral
733,negativo
734,neutral
735,positivo
736,negativo
737,negativo
738,positivo
739,negativo
740,neutral
741,positivo
742,neutral
743,negativo
744,negativo
745,positivo
746,negativo
747,negativo
748,positivo
749,positivo
750,neutral
751,neutral
752,neutral
753,negativo
754,neutral
755,positivo
756,negativo
757,positivo
758,neutral
759,positivo
760,neutral
761,positivo
762,neutral
763,neutral
764,neutral
765,positivo
766,neutral
767,negativo
768,positivo
769,negativo
770,positivo
771,neutral
772,neutral
773,negativo
774,negativo
775,positivo
776,negativo
777,negativo
778,negativo
779,neutral
780,positivo
781,positivo
782,neutral
783,neutral
784,neutral
785,neutral
786,negativo
787,positivo
788,positivo
789,negativo
790,positivo
791,negativo
792,positivo
793,negativo
794,positivo
795,positivo
796,negativo
797,positivo
798,neutral
799,neutral
800,neutral
801,positivo
802,neutral
803,positivo
804,positivo
805,negativo
806,negativo
807,positivo
808,neutral
809,negativo
810,negativo
811,positivo
812,neutral
813,positivo
814,negativo
815,negativo
816,neutral
817,negativo
818,negativo
819,positivo
820,negativo
821,neutral
822,neutral
823,positivo
824,positivo
825,neutral
826,negativo
827,positivo
828,positivo
829,positivo
830,positivo
831,negativo
832,positivo
833,positivo
834,positivo
835,neutral
836,negativo
837,neutral
838,neutral
839,neutral
840,negativo
841,negativo
842,positivo
843,positivo
844,neutral
845,neutral
846,positivo
847,neutral
848,positivo
849,negativo
850,neutral
851,neutral
852,neutral
853,neutral
854,positivo
855,positivo
856,negativo
857,neutral
858,negativo
859,negativo
860,negativo
861,neutral
862,positivo
863,neutral
864,neutral
865,neutral
866,negativo
867,neutral
868,neutral
869,neutral
870,neutral
871,negativo
872,neutral
873,positivo
874,neutral
875,neutral
876,positivo
877,positivo
878,negativo
879,negativo
880,neutral
881,neutral
882,positivo
883,positivo
884,negativo
885,positivo
886,neutral
887,positivo
888,neutral
889,positivo
890,negativo
891,neutral
892,negativo
893,positivo
894,neutral
895,negativo
896,neutral
897,negativo
898,positivo
899,negativo
900,neutral
901,neutral
902,negativo
903,neutral
904,positivo
905,negativo
906,negativo
907,negativo
908,positivo
909,neutral
910,neutral
911,neutral
912,positivo
913,neutral
914,positivo
915,neutral
916,negativo
917,negativo
918,positivo
919,neutral
920,neutral
921,neutral
922,neutral
923,neutral
924,negativo
925,negativo
926,negativo
927,negativo
928,negativo
929,positivo
930,positivo
931,neutral
932,neutral
933,neutral
934,negativo
935,positivo
936,neutral
937,negativo
938,neutral
939,positivo
940,negativo
941,neutral
942,negativo
943,negativo
944,neutral
945,neutral
946,positivo
947,neutral
948,neutral
949,neutral
950,positivo
951,positivo
952,positivo
953,positivo
954,positivo
955,negativo
956,neutral
957,neutral
958,negativo
959,positivo
960,negativo
961,neutral
962,negativo
963,neutral
964,neutral
965,neutral
966,positivo
967,neutral
968,negativo
969,negativo
970,negativo
971,negativo
972,positivo
973,neutral
974,neutral
975,negativo
976,positivo
977,negativo
978,positivo
979,neutral
980,negativo
981,neutral
982,negativo
983,neutral
984,positivo
985,negativo
986,negativo
987,neutral
988,positivo
989,positivo
990,neutral
991,positivo
992,positivo
993,neutral
994,negativo
995,positivo
996,neutral
997,positivo
998,neutral
999,neutral
1000,negativo
1001,positivo
1002,negativo
1003,negativo
1004,positivo
1005,negativo
1006,positivo
1007,positivo
1008,positivo
1009,positivo
1010,negativo
1011,neutral
1012,positivo
1013,neutral
1014,positivo
1015,negativo
1016,positivo
1017,positivo
1018,negativo
1019,neutral
1020,positivo
1021,positivo
1022,positivo
1023,neutral
1024,negativo
1025,neutral
1026,positivo
1027,positivo
1028,positivo
1029,negativo
1030,neutral
1031,negativo
1032,positivo
1033,neutral
1034,negativo
1035,neutral
1036,negativo
1037,neutral
1038,positivo
1039,neutral
1040,neutral
1041,neutral
1042,positivo
1043,neutral
1044,positivo
1045,negativo
1046,negativo
1047,neutral
1048,positivo
1049,positivo
1050,positivo
1051,negativo
1052,positivo
1053,positivo
1054,negativo
1055,negativo
1056,negativo
1057,negativo
1058,neutral
1059,negativo
1060,negativo
1061,positivo
1062,positivo
1063,positivo
1064,positivo
1065,neutral
1066,positivo
1067,negativo
1068,negativo
1069,neutral
1070,positivo
1071,negativo
1072,neutral
1073,positivo
1074,negativo
1075,positivo
1076,negativo
1077,negativo
1078,negativo
1079,negativo
1080,positivo
1081,positivo
1082,negativo
1083,negativo
1084,positivo
1085,neutral
1086,positivo
1087,positivo
1088,neutral
1089,negativo
1090,neutral
1091,neutral
1092,positivo
1093,neutral
1094,neutral
1095,neutral
1096,negativo
1097,neutral
1098,positivo
1099,positivo
1100,positivo
1101,neutral
1102,neutral
1103,neutral
1104,neutral
1105,negativo
1106,negativo
1107,neutral
1108,positivo
1109,positivo
1110,positivo
1111,neutral
1112,neutral
1113,neutral
1114,neutral
1115,negativo
1116,positivo
1117,negativo
1118,negativo
1119,negativo
1120,negativo
1121,positivo
1122,neutral
1123,positivo
1124,negativo
1125,negativo
1126,negativo
1127,neutral
1128,positivo
1129,negativo
1130,neutral
1131,neutral
1132,neutral
1133,negativo
1134,negativo
1135,neutral
1136,negativo
1137,negativo
1138,neutral
1139,positivo
1140,neutral
1141,negativo
1142,positivo
1143,positivo
1144,neutral
1145,positivo
1146,negativo
1147,negativo
1148,negativo
1149,positivo
1150,neutral
1151,positivo
1152,neutral
1153,negativo
1154,negativo
1155,negativo
1156,positivo
1157,negativo
1158,positivo
1159,negativo
1160,negativo
1161,positivo
1162,neutral
1163,neutral
1164,negativo
1165,negativo
1166,negativo
1167,neutral
1168,neutral
1169,positivo
1170,neutral
1171,negativo
1172,positivo
1173,negativo
1174,positivo
1175,negativo
1176,neutral
1177,positivo
1178,negativo
1179,positivo
1180,negativo
1181,negativo
1182,neutral
1183,neutral
1184,positivo
1185,positivo
1186,neutral
1187,negativo
1188,neutral
1189,neutral
1190,positivo
1191,positivo
1192,neutral
1193,neutral
1194,positivo
1195,positivo
1196,positivo
1197,negativo
1198,negativo
1199,neutral
1200,positivo
1201,positivo
1202,positivo
1203,neutral
1204,positivo
1205,negativo
1206,neutral
1207,neutral
1208,positivo
1209,neutral
1210,negativo
1211,neutral
1212,neutral
1213,negativo
1214,neutral
1215,neutral
1216,positivo
1217,negativo
1218,neutral
1219,positivo
1220,positivo
1221,negativo
1222,negativo
1223,positivo
1224,neutral
1225,neutral
1226,neutral
1227,negativo
1228,positivo
1229,neutral
1230,neutral
1231,positivo
1232,neutral
1233,negativo
1234,neutral
1235,negativo
1236,negativo
1237,positivo
1238,positivo
1239,negativo
1240,neutral
1241,positivo
1242,negativo
1243,negativo
1244,positivo
1245,negativo
1246,neutral
1247,negativo
1248,neutral
1249,negativo
1250,negativo
1251,neutral
1252,negativo
1253,negativo
1254,neutral
1255,negativo
1256,negativo
1257,negativo
1258,positivo
1259,neutral
1260,positivo
1261,neutral
1262,negativo
1263,neutral
1264,negativo
1265,negativo
1266,neutral
1267,neutral
1268,neutral
1269,positivo
1270,positivo
1271,positivo
1272,neutral
1273,negativo
1274,negativo
1275,negativo
1276,neutral
1277,positivo
1278,negativo
1279,neutral
1280,positivo
1281,negativo
1282,neutral
1283,positivo
1284,positivo
1285,neutral
1286,neutral
1287,negativo
1288,negativo
1289,positivo
1290,positivo
1291,neutral
1292,negativo
1293,negativo
1294,positivo
1295,neutral
1296,positivo
1297,negativo
1298,neutral
1299,neutral
1300,neutral
1301,positivo
1302,neutral
1303,negativo
1304,positivo
1305,positivo
1306,negativo
1307,neutral
1308,negativo
1309,neutral
1310,positivo
1311,positivo
1312,negativo
1313,positivo
1314,neutral
1315,neutral
1316,neutral
1317,negativo
1318,negativo
1319,positivo
1320,positivo
1321,neutral
1322,positivo
1323,neutral
1324,positivo
1325,positivo
1326,negativo
1327,neutral
1328,negativo
1329,positivo
1330,positivo
1331,neutral
1332,positivo
1333,positivo
1334,neutral
1335,neutral
1336,positivo
1337,positivo
1338,neutral
1339,negativo
1340,positivo
1341,positivo
1342,positivo
1343,negativo
1344,neutral
1345,negativo
1346,negativo
1347,positivo
1348,negativo
1349,neutral
1350,positivo
1351,positivo
1352,negativo
1353,negativo
1354,negativo
1355,neutral
1356,positivo
1357,positivo
1358,negativo
1359,negativo
1360,negativo
1361,negativo
1362,positivo
1363,negativo
1364,neutral
1365,positivo
1366,negativo
1367,neutral
1368,negativo
1369,negativo
1370,positivo
1371,negativo
1372,neutral
1373,negativo
1374,positivo
1375,negativo
1376,positivo
1377,neutral
1378,positivo
1379,negativo
1380,positivo
1381,neutral
1382,neutral
1383,negativo
1384,positivo
1385,positivo
1386,neutral
1387,negativo
1388,neutral
1389,neutral
1390,negativo
1391,neutral
1392,positivo
1393,negativo
1394,neutral
1395,positivo
1396,positivo
1397,positivo
1398,positivo
1399,positivo
1400,negativo
1401,negativo
1402,positivo
1403,positivo
1404,neutral
1405,neutral
1406,neutral
1407,positivo
1408,negativo
1409,neutral
1410,neutral
1411,negativo
1412,negativo
1413,neutral
1414,negativo
1415,positivo
1416,positivo
1417,negativo
1418,positivo
1419,positivo
1420,negativo
1421,positivo
1422,neutral
1423,positivo
1424,negativo
1425,negativo
1426,neutral
1427,negativo
1428,positivo
1429,positivo
1430,neutral
1431,positivo
1432,positivo
1433,positivo
1434,positivo
1435,negativo
1436,negativo
1437,negativo
1438,neutral
1439,neutral
1440,positivo
1441,negativo
1442,negativo
1443,positivo
1444,negativo
1445,negativo
1446,neutral
1447,negativo
1448,positivo
1449,neutral
1450,negativo
1451,negativo
1452,positivo
1453,neutral
1454,neutral
1455,positivo
1456,neutral
1457,neutral
1458,negativo
1459,neutral
1460,positivo
1461,negativo
1462,positivo
1463,neutral
1464,positivo
1465,positivo
1466,positivo
1467,negativo
1468,positivo
1469,negativo
1470,negativo
1471,positivo
1472,negativo
1473,neutral
1474,positivo
1475,negativo
1476,positivo
1477,neutral
1478,neutral
1479,neutral
1480,neutral
1481,neutral
1482,negativo
1483,neutral
1484,negativo
1485,positivo
1486,negativo
1487,positivo
1488,negativo
1489,positivo
1490,negativo
1491,negativo
1492,negativo
1493,neutral
1494,positivo
1495,negativo
1496,negativo
1497,positivo
1498,neutral
1499,neutral
1500,negativo
1501,negativo
1502,negativo
1503,negativo
1504,negativo
1505,neutral
1506,neutral
1507,negativo
1508,negativo
1509,negativo
1510,negativo
1511,positivo
1512,positivo
1513,negativo
1514,negativo
1515,negativo
1516,positivo
1517,positivo
1518,positivo
1519,neutral
1520,neutral
1521,positivo
1522,neutral
1523,positivo
1524,negativo
1525,positivo
1526,positivo
1527,positivo
1528,positivo
1529,positivo
1530,neutral
1531,negativo
1532,neutral
1533,negativo
1534,negativo
1535,neutral
1536,negativo
1537,neutral
1538,positivo
1539,positivo
1540,negativo
1541,positivo
1542,neutral
1543,negativo
1544,positivo
1545,positivo
1546,neutral
1547,negativo
1548,neutral
1549,positivo
1550,neutral
1551,positivo
1552,negativo
1553,negativo
1554,neutral
1555,positivo
1556,neutral
1557,positivo
1558,neutral
1559,neutral
1560,positivo
1561,negativo
1562,positivo
1563,negativo
1564,neutral
1565,negativo
1566,negativo
1567,negativo
1568,positivo
1569,negativo
1570,neutral
1571,positivo
1572,negativo
1573,neutral
1574,negativo
1575,positivo
1576,neutral
1577,positivo
1578,negativo
1579,positivo
1580,negativo
1581,negativo
1582,positivo
1583,neutral
1584,negativo
1585,positivo
1586,neutral
1587,neutral
1588,positivo
1589,neutral
1590,neutral
1591,negativo
1592,negativo
1593,negativo
1594,neutral
1595,neutral
1596,neutral
1597,positivo
1598,positivo
1599,negativo
1600,negativo
1601,neutral
1602,negativo
1603,neutral
1604,positivo
1605,positivo
1606,positivo
1607,positivo
1608,positivo
1609,negativo
1610,positivo
1611,neutral
1612,negativo
1613,neutral
1614,negativo
1615,positivo
1616,negativo
1617,neutral
1618,neutral
1619,neutral
1620,neutral
1621,negativo
1622,positivo
1623,neutral
1624,positivo
1625,negativo
1626,negativo
1627,neutral
1628,positivo
1629,negativo
1630,positivo
1631,negativo
1632,negativo
1633,negativo
1634,neutral
1635,positivo
1636,positivo
1637,negativo
1638,neutral
1639,negativo
1640,negativo
1641,positivo
1642,positivo
1643,neutral
1644,neutral
1645,neutral
1646,neutral
1647,negativo
1648,neutral
1649,positivo
1650,neutral
1651,negativo
1652,positivo
1653,positivo
1654,neutral
1655,negativo
1656,negativo
1657,positivo
1658,neutral
1659,neutral
1660,positivo
1661,positivo
1662,negativo
1663,positivo
1664,positivo
1665,negativo
1666,positivo
1667,neutral
1668,negativo
1669,neutral
1670,neutral
1671,neutral
1672,negativo
1673,neutral
1674,positivo
1675,neutral
1676,positivo
1677,neutral
1678,negativo
1679,neutral
1680,negativo
1681,neutral
1682,positivo
1683,neutral
1684,positivo
1685,negativo
1686,positivo
1687,positivo
1688,negativo
1689,negativo
1690,negativo
1691,positivo
1692,negativo
1693,positivo
1694,positivo
1695,positivo
1696,positivo
1697,positivo
1698,neutral
1699,negativo
1700,negativo
1701,positivo
1702,negativo
1703,neutral
1704,negativo
1705,positivo
1706,neutral
1707,positivo
1708,positivo
1709,negativo
1710,neutral
1711,positivo
1712,neutral
1713,neutral
1714,positivo
1715,negativo
1716,positivo
1717,positivo
1718,positivo
1719,positivo
1720,positivo
1721,negativo
1722,positivo
1723,positivo
1724,positivo
1725,neutral
1726,positivo
1727,neutral
1728,positivo
1729,negativo
1730,positivo
1731,positivo
1732,positivo
1733,positivo
1734,positivo
1735,positivo
1736,negativo
1737,negativo
1738,neutral
1739,negativo
1740,negativo
1741,positivo
1742,negativo
1743,negativo
1744,neutral
1745,neutral
1746,negativo
1747,positivo
1748,positivo
1749,negativo
1750,positivo
1751,neutral
1752,neutral
1753,positivo
1754,neutral
1755,neutral
1756,positivo
1757,positivo
1758,negativo
1759,negativo
1760,positivo
1761,positivo
1762,neutral
1763,neutral
1764,positivo
1765,negativo
1766,negativo
1767,positivo
1768,positivo
1769,negativo
1770,positivo
1771,neutral
1772,negativo
1773,positivo
1774,negativo
1775,positivo
1776,negativo
1777,negativo
1778,negativo
1779,positivo
1780,positivo
1781,positivo
1782,negativo
1783,negativo
1784,negativo
1785,neutral
1786,neutral
1787,positivo
1788,negativo
1789,positivo
1790,negativo
1791,neutral
1792,neutral
1793,negativo
1794,positivo
1795,positivo
1796,neutral
1797,neutral
1798,negativo
1799,negativo
1800,negativo
1801,neutral
1802,negativo
1803,positivo
1804,negativo
1805,positivo
1806,positivo
1807,negativo
1808,negativo
1809,negativo
1810,neutral
1811,neutral
1812,negativo
1813,positivo
1814,neutral
1815,negativo
1816,negativo
1817,positivo
1818,positivo
1819,neutral
1820,negativo
1821,negativo
1822,positivo
1823,positivo
1824,negativo
1825,neutral
1826,negativo
1827,positivo
1828,neutral
1829,neutral
1830,negativo
1831,neutral
1832,negativo
1833,positivo
1834,positivo
1835,positivo
1836,neutral
1837,negativo
1838,positivo
1839,negativo
1840,negativo
1841,neutral
1842,negativo
1843,negativo
1844,neutral
1845,positivo
1846,neutral
1847,neutral
1848,neutral
1849,positivo
1850,neutral
1851,negativo
1852,negativo
1853,positivo
1854,negativo
1855,positivo
1856,positivo
1857,positivo
1858,positivo
1859,positivo
1860,negativo
1861,neutral
1862,positivo
1863,positivo
1864,positivo
1865,positivo
1866,positivo
1867,negativo
1868,neutral
1869,positivo
1870,neutral
1871,neutral
1872,positivo
1873,positivo
1874,positivo
1875,neutral
1876,neutral
1877,positivo
1878,positivo
1879,neutral
1880,neutral
1881,negativo
1882,neutral
1883,positivo
1884,positivo
1885,negativo
1886,positivo
1887,negativo
1888,positivo
1889,negativo
1890,negativo
1891,positivo
1892,negativo
1893,neutral
1894,negativo
1895,neutral
1896,positivo
1897,negativo
1898,neutral
1899,negativo
1900,neutral
1901,neutral
1902,negativo
1903,positivo
1904,negativo
1905,neutral
1906,negativo
1907,neutral
1908,negativo
1909,positivo
1910,negativo
1911,negativo
1912,positivo
1913,positivo
1914,neutral
1915,negativo
1916,positivo
1917,positivo
1918,neutral
1919,negativo
1920,negativo
1921,neutral
1922,negativo
1923,neutral
1924,negativo
1925,neutral
1926,positivo
1927,positivo
1928,neutral
1929,neutral
1930,positivo
1931,positivo
1932,neutral
1933,positivo
1934,positivo
1935,neutral
1936,neutral
1937,negativo
1938,neutral
1939,negativo
1940,neutral
1941,neutral
1942,positivo
1943,neutral
1944,negativo
1945,negativo
1946,positivo
1947,positivo
1948,neutral
1949,positivo
1950,neutral
1951,positivo
1952,positivo
1953,negativo
1954,negativo
1955,negativo
1956,negativo
1957,negativo
1958,positivo
1959,negativo
1960,negativo
1961,neutral
1962,neutral
1963,positivo
1964,positivo
1965,neutral
1966,negativo
1967,positivo
1968,positivo
1969,neutral
1970,neutral
1971,negativo
1972,negativo
1973,negativo
1974,positivo
1975,positivo
1976,positivo
1977,neutral
1978,negativo
1979,negativo
1980,positivo
1981,positivo
1982,negativo
1983,neutral
1984,neutral
1985,neutral
1986,neutral
1987,positivo
1988,neutral
1989,positivo
1990,positivo
1991,positivo
1992,neutral
1993,negativo
1994,neutral
1995,negativo
1996,positivo
1997,negativo
1998,neutral
1999,negativo
2000,positivo
2001,neutral
2002,positivo
2003,negativo
2004,positivo
2005,negativo
2006,neutral
2007,positivo
2008,positivo
2009,negativo
2010,neutral
2011,negativo
2012,positivo
2013,negativo
2014,negativo
2015,negativo
2016,negativo
2017,negativo
2018,positivo
2019,negativo
2020,neutral
2021,negativo
2022,negativo
2023,neutral
2024,negativo
2025,positivo
2026,positivo
2027,positivo
2028,negativo
2029,negativo
2030,neutral
2031,neutral
2032,negativo
2033,positivo
2034,positivo
2035,positivo
2036,positivo
2037,positivo
2038,neutral
2039,positivo
2040,negativo
2041,positivo
2042,neutral
2043,positivo
2044,positivo
2045,positivo
2046,positivo
2047,negativo
2048,positivo
2049,negativo
2050,negativo
2051,negativo
2052,positivo
2053,positivo
2054,positivo
2055,negativo
2056,negativo
2057,positivo
2058,negativo
2059,negativo
2060,neutral
2061,negativo
2062,negativo
2063,negativo
2064,positivo
2065,negativo
2066,neutral
2067,positivo
2068,positivo
2069,positivo
2070,neutral
2071,negativo
2072,positivo
2073,positivo
2074,neutral
2075,neutral
2076,neutral
2077,positivo
2078,negativo
2079,positivo
2080,negativo
2081,neutral
2082,negativo
2083,negativo
2084,neutral
2085,positivo
2086,positivo
2087,neutral
2088,positivo
2089,positivo
2090,negativo
2091,positivo
2092,negativo
2093,positivo
2094,negativo
2095,neutral
2096,positivo
2097,neutral
2098,positivo
2099,negativo
2100,negativo
2101,negativo
2102,neutral
2103,negativo
2104,positivo
2105,neutral
2106,negativo
2107,neutral
2108,neutral
2109,positivo
2110,positivo
2111,negativo
2112,neutral
2113,negativo
2114,positivo
2115,neutral
2116,positivo
2117,positivo
2118,positivo
2119,neutral
2120,positivo
2121,neutral
2122,positivo
2123,neutral
2124,negativo
2125,neutral
2126,negativo
2127,negativo
2128,positivo
2129,neutral
2130,neutral
2131,positivo
2132,positivo
2133,neutral
2134,positivo
2135,positivo
2136,neutral
2137,positivo
2138,positivo
2139,negativo
2140,negativo
2141,positivo
2142,negativo
2143,negativo
2144,positivo
2145,positivo
2146,neutral
2147,positivo
2148,negativo
2149,negativo
2150,neutral
2151,positivo
2152,positivo
2153,negativo
2154,positivo
2155,neutral
2156,negativo
2157,positivo
2158,positivo
2159,negativo
2160,negativo
2161,positivo
2162,negativo
2163,negativo
2164,negativo
2165,neutral
2166,negativo
2167,neutral
2168,neutral
2169,neutral
2170,negativo
2171,negativo
2172,positivo
2173,neutral
2174,negativo
2175,negativo
2176,neutral
2177,positivo
2178,neutral
2179,positivo
2180,negativo
2181,neutral
2182,positivo
2183,negativo
2184,positivo
2185,positivo
2186,negativo
2187,neutral
2188,positivo
2189,positivo
2190,negativo
2191,negativo
2192,negativo
2193,neutral
2194,neutral
2195,positivo
2196,neutral
2197,negativo
2198,positivo
2199,neutral
2200,neutral
2201,positivo
2202,negativo
2203,positivo
2204,negativo
2205,negativo
2206,neutral
2207,positivo
2208,negativo
2209,negativo
2210,negativo
2211,neutral
2212,positivo
2213,positivo
2214,neutral
2215,neutral
2216,neutral
2217,negativo
2218,neutral
2219,negativo
2220,negativo
2221,positivo
2222,positivo
2223,negativo
2224,positivo
2225,neutral
2226,negativo
2227,neutral
2228,neutral
2229,positivo
2230,negativo
2231,negativo
2232,negativo
2233,negativo
2234,neutral
2235,neutral
2236,neutral
2237,negativo
2238,positivo
2239,negativo
2240,negativo
2241,positivo
2242,negativo
2243,negativo
2244,negativo
2245,neutral
2246,positivo
2247,negativo
2248,positivo
2249,negativo
2250,neutral
2251,negativo
2252,positivo
2253,neutral
2254,negativo
2255,neutral
2256,neutral
2257,negativo
2258,neutral
2259,positivo
2260,positivo
2261,negativo
2262,positivo
2263,positivo
2264,negativo
2265,neutral
2266,neutral
2267,neutral
2268,neutral
2269,negativo
2270,negativo
2271,negativo
2272,positivo
2273,negativo
2274,negativo
2275,neutral
2276,negativo
2277,positivo
2278,positivo
2279,positivo
2280,negativo
2281,positivo
2282,positivo
2283,neutral
2284,positivo
2285,negativo
2286,positivo
2287,negativo
2288,negativo
2289,negativo
2290,negativo
2291,negativo
2292,negativo
2293,positivo
2294,positivo
2295,positivo
2296,positivo
2297,positivo
2298,negativo
2299,neutral
2300,neutral
2301,negativo
2302,neutral
2303,neutral
2304,neutral
2305,negativo
2306,negativo
2307,positivo
2308,neutral
2309,neutral
2310,positivo
2311,neutral
2312,positivo
2313,neutral
2314,negativo
2315,positivo
2316,neutral
2317,neutral
2318,positivo
2319,neutral
2320,negativo
2321,neutral
2322,negativo
2323,neutral
2324,negativo
2325,negativo
2326,positivo
2327,positivo
2328,neutral
2329,positivo
2330,positivo
2331,positivo
2332,positivo
2333,negativo
2334,neutral
2335,negativo
2336,neutral
2337,positivo
2338,neutral
2339,neutral
2340,positivo
2341,positivo
2342,negativo
2343,negativo
2344,negativo
2345,negativo
2346,neutral
2347,positivo
2348,negativo
2349,neutral
2350,neutral
2351,neutral
2352,positivo
2353,positivo
2354,neutral
2355,positivo
2356,neutral
2357,positivo
2358,negativo
2359,negativo
2360,negativo
2361,negativo
2362,positivo
2363,neutral
2364,positivo
2365,neutral
2366,neutral
2367,neutral
2368,neutral
2369,positivo
2370,neutral
2371,neutral
2372,positivo
2373,negativo
2374,positivo
2375,negativo
2376,negativo
2377,neutral
2378,negativo
2379,positivo
2380,negativo
2381,negativo
2382,negativo
2383,negativo
2384,negativo
2385,negativo
2386,positivo
2387,neutral
2388,neutral
2389,positivo
2390,negativo
2391,neutral
2392,positivo
2393,negativo
2394,neutral
2395,negativo
2396,neutral
2397,negativo
2398,positivo
2399,positivo
2400,negativo
2401,positivo
2402,positivo
2403,positivo
2404,positivo
2405,positivo
2406,negativo
2407,negativo
2408,positivo
2409,positivo
2410,positivo
2411,neutral
2412,negativo
2413,negativo
2414,neutral
2415,positivo
2416,positivo
2417,neutral
2418,negativo
2419,neutral
2420,positivo
2421,neutral
2422,negativo
2423,neutral
2424,negativo
2425,positivo
2426,positivo
2427,negativo
2428,positivo
2429,positivo
2430,neutral
2431,positivo
2432,negativo
2433,positivo
2434,negativo
2435,positivo
2436,positivo
2437,positivo
2438,neutral
2439,neutral
2440,negativo
2441,neutral
2442,neutral
2443,negativo
2444,positivo
2445,negativo
2446,neutral
2447,neutral
2448,neutral
2449,neutral
2450,positivo
2451,positivo
2452,neutral
2453,neutral
2454,neutral
2455,positivo
2456,neutral
2457,negativo
2458,negativo
2459,positivo
2460,positivo
2461,neutral
2462,negativo
2463,positivo
2464,negativo
2465,negativo
2466,neutral
2467,negativo
2468,neutral
2469,negativo
2470,positivo
2471,neutral
2472,negativo
2473,neutral
2474,negativo
2475,positivo
2476,neutral
2477,neutral
2478,positivo
2479,negativo
2480,positivo
2481,neutral
2482,positivo
2483,neutral
2484,positivo
2485,positivo
2486,neutral
2487,negativo
2488,positivo
2489,positivo
2490,neutral
2491,neutral
2492,negativo
2493,positivo
2494,positivo
2495,neutral
2496,positivo
2497,neutral
2498,negativo
2499,negativo
2500,neutral
2501,neutral
2502,negativo
2503,negativo
2504,positivo
2505,neutral
2506,negativo
2507,neutral
2508,negativo
2509,negativo
2510,negativo
2511,positivo
2512,positivo
2513,positivo
2514,negativo
2515,positivo
2516,neutral
2517,positivo
2518,positivo
2519,neutral
2520,positivo
2521,negativo
2522,neutral
2523,negativo
2524,positivo
2525,negativo
2526,negativo
2527,positivo
2528,positivo
2529,positivo
2530,positivo
2531,neutral
2532,negativo
2533,positivo
2534,negativo
2535,neutral
2536,negativo
2537,neutral
2538,neutral
2539,negativo
2540,neutral
2541,negativo
2542,negativo
2543,positivo
2544,positivo
2545,positivo
2546,neutral
2547,positivo
2548,positivo
2549,positivo
2550,negativo
2551,neutral
2552,negativo
2553,positivo
2554,positivo
2555,positivo
2556,negativo
2557,negativo
2558,neutral
2559,neutral
2560,negativo
2561,negativo
2562,positivo
2563,negativo
2564,negativo
2565,negativo
2566,positivo
2567,positivo
2568,negativo
2569,neutral
2570,negativo
2571,neutral
2572,neutral
2573,negativo
2574,positivo
2575,negativo
2576,positivo
2577,neutral
2578,neutral
2579,positivo
2580,neutral
2581,positivo
2582,neutral
2583,positivo
2584,neutral
2585,positivo
2586,negativo
2587,positivo
2588,neutral
2589,positivo
2590,positivo
2591,neutral
2592,neutral
2593,neutral
2594,positivo
2595,neutral
2596,positivo
2597,negativo
2598,negativo
2599,positivo
2600,neutral
2601,negativo
2602,positivo
2603,positivo
2604,negativo
2605,neutral
2606,negativo
2607,negativo
2608,positivo
2609,positivo
2610,neutral
2611,positivo
2612,positivo
2613,positivo
2614,neutral
2615,negativo
2616,positivo
2617,neutral
2618,positivo
2619,negativo
2620,neutral
2621,neutral
2622,negativo
2623,neutral
2624,neutral
2625,positivo
2626,positivo
2627,positivo
2628,negativo
2629,neutral
2630,neutral
2631,neutral
2632,neutral
2633,negativo
2634,positivo
2635,positivo
2636,negativo
2637,negativo
2638,positivo
2639,neutral
2640,positivo
2641,positivo
2642,positivo
2643,negativo
2644,negativo
2645,negativo
2646,positivo
2647,positivo
2648,neutral
2649,neutral
2650,negativo
2651,negativo
2652,positivo
2653,negativo
2654,positivo
2655,positivo
2656,positivo
2657,negativo
2658,neutral
2659,negativo
2660,neutral
2661,neutral
2662,negativo
2663,neutral
2664,negativo
2665,positivo
2666,negativo
2667,neutral
2668,negativo
2669,positivo
2670,negativo
2671,neutral
2672,positivo
2673,neutral
2674,positivo
2675,negativo
2676,neutral
2677,neutral
2678,neutral
2679,neutral
2680,neutral
2681,neutral
2682,negativo
2683,neutral
2684,negativo
2685,negativo
2686,positivo
2687,positivo
2688,positivo
2689,positivo
2690,positivo
2691,negativo
2692,positivo
2693,negativo
2694,neutral
2695,negativo
2696,positivo
2697,neutral
2698,negativo
2699,neutral
2700,neutral
2701,positivo
2702,negativo
2703,neutral
2704,neutral
2705,neutral
2706,positivo
2707,positivo
2708,positivo
2709,positivo
2710,negativo
2711,neutral
2712,positivo
2713,positivo
2714,neutral
2715,positivo
2716,positivo
2717,positivo
2718,positivo
2719,positivo
2720,neutral
2721,negativo
2722,neutral
2723,negativo
2724,neutral
2725,negativo
2726,positivo
2727,positivo
2728,positivo
2729,negativo
2730,negativo
2731,negativo
2732,neutral
2733,negativo
2734,negativo
2735,negativo
2736,neutral
2737,neutral
2738,positivo
2739,negativo
2740,neutral
2741,negativo
2742,negativo
2743,neutral
2744,positivo
2745,negativo
2746,neutral
2747,positivo
2748,negativo
2749,negativo
2750,positivo
2751,positivo
2752,positivo
2753,negativo
2754,positivo
2755,negativo
2756,positivo
2757,neutral
2758,negativo
2759,negativo
2760,negativo
2761,positivo
2762,negativo
2763,neutral
2764,negativo
2765,positivo
2766,neutral
2767,negativo
2768,neutral
2769,negativo
2770,neutral
2771,positivo
2772,positivo
2773,negativo
2774,positivo
2775,neutral
2776,neutral
2777,neutral
2778,neutral
2779,negativo
2780,negativo
2781,positivo
2782,positivo
2783,positivo
2784,neutral
2785,neutral
2786,positivo
2787,negativo
2788,negativo
2789,neutral
2790,negativo
2791,negativo
2792,negativo
2793,negativo
2794,negativo
2795,positivo
2796,negativo
2797,neutral
2798,positivo
2799,negativo
2800,positivo
2801,positivo
2802,negativo
2803,negativo
2804,neutral
2805,positivo
2806,negativo
2807,negativo
2808,negativo
2809,negativo
2810,positivo
2811,positivo
2812,neutral
2813,neutral
2814,negativo
2815,negativo
2816,positivo
2817,positivo
2818,positivo
2819,negativo
2820,negativo
2821,positivo
2822,negativo
2823,positivo
2824,negativo
2825,negativo
2826,neutral
2827,negativo
2828,negativo
2829,neutral
2830,neutral
2831,negativo
2832,neutral
2833,neutral
2834,neutral
2835,negativo
2836,positivo
2837,negativo
2838,neutral
2839,positivo
2840,neutral
2841,negativo
2842,negativo
2843,positivo
2844,positivo
2845,neutral
2846,neutral
2847,negativo
2848,positivo
2849,positivo
2850,neutral
2851,positivo
2852,positivo
2853,negativo
2854,neutral
2855,positivo
2856,positivo
2857,positivo
2858,negativo
2859,positivo
2860,negativo
2861,positivo
2862,negativo
2863,neutral
2864,neutral
2865,negativo
2866,neutral
2867,neutral
2868,positivo
2869,negativo
2870,neutral
2871,positivo
2872,neutral
2873,neutral
2874,positivo
2875,positivo
2876,negativo
2877,negativo
2878,negativo
2879,neutral
2880,positivo
2881,neutral
2882,neutral
2883,positivo
2884,positivo
2885,neutral
2886,positivo
2887,negativo
2888,negativo
2889,positivo
2890,positivo
2891,negativo
2892,neutral
2893,neutral
2894,positivo
2895,neutral
2896,negativo
2897,neutral
2898,neutral
2899,positivo
2900,neutral
2901,negativo
2902,positivo
2903,negativo
2904,negativo
2905,neutral
2906,negativo
2907,positivo
2908,positivo
2909,negativo
2910,neutral
2911,negativo
2912,positivo
2913,negativo
2914,neutral
2915,negativo
2916,negativo
2917,negativo
2918,positivo
2919,neutral
2920,positivo
2921,negativo
2922,negativo
2923,positivo
2924,neutral
2925,positivo
2926,positivo
2927,positivo
2928,negativo
2929,positivo
2930,neutral
2931,positivo
2932,neutral
2933,positivo
2934,neutral
2935,neutral
2936,positivo
2937,positivo
2938,positivo
2939,neutral
2940,negativo
2941,neutral
2942,negativo
2943,neutral
2944,positivo
2945,negativo
2946,positivo
2947,positivo
2948,neutral
2949,negativo
2950,negativo
2951,negativo
2952,neutral
2953,negativo
2954,positivo
2955,negativo
2956,neutral
2957,neutral
2958,positivo
2959,positivo
2960,positivo
2961,positivo
2962,negativo
2963,negativo
2964,positivo
2965,neutral
2966,negativo
2967,negativo
2968,positivo
2969,neutral
2970,negativo
2971,negativo
2972,neutral
2973,positivo
2974,neutral
2975,negativo
2976,neutral
2977,negativo
2978,neutral
2979,neutral
2980,negativo
2981,negativo
2982,positivo
2983,negativo
2984,negativo
2985,positivo
2986,negativo
2987,neutral
2988,neutral
2989,negativo
2990,positivo
2991,neutral
2992,negativo
2993,neutral
2994,negativo
2995,positivo
2996,neutral
2997,negativo
2998,positivo
2999,negativo
